<?xml version="1.0" encoding="UTF-8" standalone="yes"?>
<addon id="repository.grabber66" name="private Repo Grabber66" version="1.0.0" provider-name="Grabber66">
	<extension point="xbmc.addon.repository" name="Grabber66">
		<info compressed="true">https://raw.githubusercontent.com/Grabber66/Repo/master/addons.xml</info>
		<checksum>https://raw.githubusercontent.com/Grabber66/Repo/master/addons.xml.md5</checksum>
		<datadir zip="true">https://raw.githubusercontent.com/Grabber66/Repo/master/addons/</datadir>
	</extension>
	<extension point="xbmc.addon.metadata">
		<summary>private changes of some skins/addons should not missed</summary>
		<description>private changes of some skins/addons should not missed</description>
		<disclaimer></disclaimer>
		<platform>all</platform>
	</extension>
</addon>