<?xml version="1.0" encoding="UTF-8" standalone="yes"?>
<addon id="plugin.video.burningseries" name="Burning Series" version="1.5.1.2" provider-name="chmee phreekz edit by mashot">
  <requires>
	<import addon="script.module.t0mm0.common"/>
	<import addon="script.module.urlresolver"/>
	</requires>
  <extension point="xbmc.python.pluginsource"
			 library="main.py">
    	<provides>video</provides>
  </extension>
  <extension point="xbmc.addon.metadata">
    <summary>bs.to player</summary>
    <description>series, a lot, generally in german</description>
    <platform>all</platform>
  </extension>
</addon>