<?xml version="1.0" encoding="UTF-8" standalone="yes"?>
<addon id="script.skin.info.service" name="Skin Info Service" version="1.0.0" provider-name="phil65">
<requires>
    <import addon="xbmc.python" version="2.1.0"/>
    <import addon="script.module.simplejson" version="2.0.10"/>
</requires>
<extension point="xbmc.python.library"          library="default.py" />
<extension point="xbmc.python.script"           library="default.py">
    <provides>executable</provides>
</extension>
<extension point="xbmc.addon.metadata">
	<language/>
	<summary lang="en">Script used by skins to show extended media info.</summary>
	<description lang="en">This script fetches extended information for several media types (artists, albums, movie sets etc.). Needs skin support.</description>
	<platform>all</platform>
	<license>GNU GENERAL PUBLIC LICENSE Version 2, June 1991</license>
	<forum>-</forum>
	<source>-</source>
	<email>-</email>
</extension>
</addon>
